0,383,10E,Tenth Edition,7/13/2007
1,302,2ED,Unlimited Edition,12/1/1993
2,332,2XM,Double Masters,8/7/2020
3,306,3ED,Revised Edition,4/1/1994
4,378,4BB,Fourth Edition Foreign Black Border,4/1/1995
5,378,4ED,Fourth Edition,4/1/1995
6,165,5DN,Fifth Dawn,6/4/2004
7,455,5ED,Fifth Edition,3/24/1997
8,350,6ED,Classic Sixth Edition,4/21/1999
9,350,7ED,Seventh Edition,4/11/2001
10,350,8ED,Eighth Edition,7/28/2003
11,350,9ED,Ninth Edition,7/29/2005
12,249,A25,Masters 25,3/16/2018
13,0,AAFR,Adventures in the Forgotten Realms Art Series,7/23/2021
14,184,AER,Aether Revolt,1/20/2017
15,62,AFC,Forgotten Realms Commander,7/23/2021
16,281,AFR,Adventures in the Forgotten Realms,7/23/2021
17,18,AJMP,Jumpstart Arena Exclusives,7/17/2020
18,269,AKH,Amonkhet,4/28/2017
19,0,AKHM,Kaldheim Art Series,2/5/2021
20,338,AKR,Amonkhet Remastered,8/13/2020
21,249,ALA,Shards of Alara,10/3/2008
22,199,ALL,Alliances,6/10/1996
23,54,AMH1,Modern Horizons Art Series,6/5/2019
24,0,AMH2,Modern Horizons 2 Art Series,6/18/2021
25,0,AMID,Midnight Hunt Art Series,9/24/2021
26,40,ANA,Arena New Player Experience,7/14/2018
27,116,ANB,Arena Beginner Set,8/13/2020
28,0,ANEO,Neon Dynasty Art Series,2/18/2022
29,143,APC,Apocalypse,6/4/2001
30,145,ARB,Alara Reborn,4/30/2009
31,150,ARC,Archenemy,6/18/2010
32,78,ARN,Arabian Nights,12/17/1993
33,0,ASTX,Strixhaven Art Series,4/23/2021
34,85,ATH,Anthologies,11/1/1998
35,100,ATQ,Antiquities,3/4/1994
36,0,AVOW,Crimson Vow Art Series,11/19/2021
37,244,AVR,Avacyn Restored,5/4/2012
38,0,AZNR,Zendikar Rising Art Series,9/25/2020
39,254,BBD,Battlebond,6/8/2018
40,274,BFZ,Battle for Zendikar,10/2/2015
41,165,BNG,Born of the Gods,2/7/2014
42,165,BOK,Betrayers of Kamigawa,2/4/2005
43,136,BRB,Battle Royale Box Set,11/12/1999
44,90,BTD,Beatdown Box Set,10/1/2000
45,356,C13,Commander 2013,11/1/2013
46,337,C14,Commander 2014,11/7/2014
47,342,C15,Commander 2015,11/13/2015
48,351,C16,Commander 2016,11/11/2016
49,309,C17,Commander 2017,8/25/2017
50,307,C18,Commander 2018,8/9/2018
51,302,C19,Commander 2019,8/23/2019
52,322,C20,Commander 2020,4/17/2020
53,81,C21,Commander 2021,4/23/2021
54,8,CC1,Commander Collection: Green,12/4/2020
55,8,CC2,Commander Collection: Black,1/28/2022
56,302,CED,Collectors’ Edition,12/10/1993
57,302,CEI,Intl. Collectors’ Edition,12/10/1993
58,306,CHK,Champions of Kamigawa,10/1/2004
59,125,CHR,Chronicles,7/1/1995
60,18,CM1,Commander's Arsenal,11/2/2012
61,312,CM2,Commander Anthology Volume II,6/8/2018
62,320,CMA,Commander Anthology,6/9/2017
63,121,CMB1,Mystery Booster Playtest Cards 2019,11/7/2019
64,121,CMB2,Mystery Booster Playtest Cards 2021,8/20/2021
65,318,CMD,Commander 2011,6/17/2011
66,361,CMR,Commander Legends,11/20/2020
67,221,CN2,Conspiracy: Take the Crown,8/26/2016
68,210,CNS,Conspiracy,6/6/2014
69,145,CON,Conflux,2/6/2009
70,6,CP1,Magic 2015 Clash Pack,7/18/2014
71,6,CP2,Fate Reforged Clash Pack,1/23/2015
72,6,CP3,Magic Origins Clash Pack,7/17/2015
73,155,CSP,Coldsnap,7/21/2006
74,62,CST,Coldsnap Theme Decks,7/21/2006
75,633,DBL,Innistrad: Double Feature,1/28/2022
76,62,DD1,Duel Decks: Elves vs. Goblins,11/16/2007
77,62,DD2,Duel Decks: Jace vs. Chandra,11/7/2008
78,62,DDC,Duel Decks: Divine vs. Demonic,4/10/2009
79,63,DDD,Duel Decks: Garruk vs. Liliana,10/30/2009
80,71,DDE,Duel Decks: Phyrexia vs. the Coalition,3/19/2010
81,79,DDF,Duel Decks: Elspeth vs. Tezzeret,9/3/2010
82,81,DDG,Duel Decks: Knights vs. Dragons,4/1/2011
83,80,DDH,Duel Decks: Ajani vs. Nicol Bolas,9/2/2011
84,77,DDI,Duel Decks: Venser vs. Koth,3/30/2012
85,90,DDJ,Duel Decks: Izzet vs. Golgari,9/7/2012
86,80,DDK,Duel Decks: Sorin vs. Tibalt,3/15/2013
87,81,DDL,Duel Decks: Heroes vs. Monsters,9/6/2013
88,88,DDM,Duel Decks: Jace vs. Vraska,3/14/2014
89,82,DDN,Duel Decks: Speed vs. Cunning,9/5/2014
90,67,DDO,Duel Decks: Elspeth vs. Kiora,2/27/2015
91,80,DDP,Duel Decks: Zendikar vs. Eldrazi,8/28/2015
92,80,DDQ,Duel Decks: Blessed vs. Cursed,2/26/2016
93,76,DDR,Duel Decks: Nissa vs. Ob Nixilis,9/2/2016
94,65,DDS,Duel Decks: Mind vs. Might,3/31/2017
95,63,DDT,Duel Decks: Merfolk vs. Goblins,10/24/2017
96,76,DDU,Duel Decks: Elves vs. Inventors,4/6/2018
97,156,DGM,Dragon's Maze,5/3/2013
98,180,DIS,Dissension,5/5/2006
99,158,DKA,Dark Ascension,2/3/2012
100,50,DKM,Deckmasters,12/1/2001
101,269,DOM,Dominaria,4/27/2018
102,113,DPA,Duels of the Planeswalkers,6/4/2010
103,15,DRB,From the Vault: Dragons,8/29/2008
104,119,DRK,The Dark,8/1/1994
105,165,DST,Darksteel,2/6/2004
106,264,DTK,Dragons of Tarkir,3/27/2015
107,62,DVD,Duel Decks Anthology: Divine vs. Demonic,12/5/2014
108,106,E01,Archenemy: Nicol Bolas,6/16/2017
109,47,E02,Explorers of Ixalan,11/24/2017
110,269,ELD,Throne of Eldraine,10/4/2019
111,249,EMA,Eternal Masters,6/10/2016
112,205,EMN,Eldritch Moon,7/22/2016
113,180,EVE,Eventide,7/25/2008
114,62,EVG,Duel Decks Anthology: Elves vs. Goblins,12/5/2014
115,143,EXO,Exodus,6/15/1998
116,45,EXP,Zendikar Expeditions,10/2/2015
117,7,F01,Friday Night Magic 2001,1/1/2001
118,12,F02,Friday Night Magic 2002,1/1/2002
119,12,F03,Friday Night Magic 2003,1/1/2003
120,12,F04,Friday Night Magic 2004,1/1/2004
121,12,F05,Friday Night Magic 2005,1/1/2005
122,12,F06,Friday Night Magic 2006,1/1/2006
123,12,F07,Friday Night Magic 2007,1/1/2007
124,12,F08,Friday Night Magic 2008,1/1/2008
125,12,F09,Friday Night Magic 2009,1/1/2009
126,12,F10,Friday Night Magic 2010,1/1/2010
127,12,F11,Friday Night Magic 2011,1/1/2011
128,12,F12,Friday Night Magic 2012,1/1/2012
129,12,F13,Friday Night Magic 2013,1/1/2013
130,12,F14,Friday Night Magic 2014,1/1/2014
131,12,F15,Friday Night Magic 2015,1/1/2015
132,12,F16,Friday Night Magic 2016,1/1/2016
133,12,F17,Friday Night Magic 2017,1/1/2017
134,12,F18,Friday Night Magic 2018,12/27/2017
135,306,FBB,Foreign Black Border,4/1/1994
136,187,FEM,Fallen Empires,11/1/1994
137,0,FJMP,Jumpstart Front Cards,6/18/2020
138,248,FMB1,Mystery Booster Retail Edition Foils,3/8/2020
139,350,FNM,Friday Night Magic 2000,1/1/2000
140,185,FRF,Fate Reforged,1/23/2015
141,180,FUT,Future Sight,5/4/2007
142,2,G00,Judge Gift Cards 2000,1/1/2000
143,2,G01,Judge Gift Cards 2001,1/1/2001
144,2,G02,Judge Gift Cards 2002,1/1/2002
145,3,G03,Judge Gift Cards 2003,1/1/2003
146,6,G04,Judge Gift Cards 2004,1/1/2004
147,4,G05,Judge Gift Cards 2005,1/1/2005
148,4,G06,Judge Gift Cards 2006,1/1/2006
149,5,G07,Judge Gift Cards 2007,1/1/2007
150,5,G08,Judge Gift Cards 2008,1/1/2008
151,10,G09,Judge Gift Cards 2009,1/1/2009
152,8,G10,Judge Gift Cards 2010,1/1/2010
153,8,G11,Judge Gift Cards 2011,1/1/2011
154,5,G17,2017 Gift Pack,10/20/2017
155,5,G18,M19 Gift Pack,11/16/2018
156,350,G99,Judge Gift Cards 1999,1/1/1999
157,127,GK1,GRN Guild Kit,11/2/2018
158,133,GK2,RNA Guild Kit,2/15/2019
159,64,GN2,Game Night 2019,11/15/2019
160,68,GNT,Game Night,11/16/2018
161,165,GPT,Guildpact,2/3/2006
162,259,GRN,Guilds of Ravnica,10/5/2018
163,40,GS1,Global Series Jiang Yanggu & Mu Yanling,6/22/2018
164,249,GTC,Gatecrash,2/1/2013
165,63,GVL,Duel Decks Anthology: Garruk vs. Liliana,12/5/2014
166,41,H09,Premium Deck Series: Slivers,11/20/2009
167,4,H17,HasCon 2017,9/20/2017
168,40,H1R,Modern Horizons 1 Timeshifts,6/18/2021
169,20,HA1,Historic Anthology 1,11/21/2019
170,25,HA2,Historic Anthology 2,3/12/2020
171,27,HA3,Historic Anthology 3,5/21/2020
172,25,HA4,Historic Anthology 4,3/11/2021
173,25,HA5,Historic Anthology 5,5/27/2021
174,17,HHO,Happy Holidays,12/31/2006
175,140,HML,Homelands,10/1/1995
176,169,HOP,Planechase,9/4/2009
177,199,HOU,Hour of Devastation,7/14/2017
178,3,HTR16,2016 Heroes of the Realm,9/20/2017
179,3,HTR17,2017 Heroes of the Realm,8/1/2018
180,4,HTR18,2018 Heroes of the Realm,8/1/2019
181,7,HTR19,2019 Heroes of the Realm,8/1/2020
182,3,HTR20,2020 Heroes of the Realm,8/1/2021
183,383,ICE,Ice Age,6/3/1995
184,274,IKO,Ikoria: Lair of Behemoths,4/24/2020
185,249,IMA,Iconic Masters,11/17/2017
186,350,INV,Invasion,10/2/2000
187,264,ISD,Innistrad,9/30/2011
188,67,ITP,Introductory Two-Player Set,12/31/1996
189,8,J12,Judge Gift Cards 2012,1/1/2012
190,8,J13,Judge Gift Cards 2013,1/1/2013
191,9,J14,Judge Gift Cards 2014,1/1/2014
192,8,J15,Judge Gift Cards 2015,1/1/2015
193,8,J16,Judge Gift Cards 2016,1/1/2016
194,8,J17,Judge Gift Cards 2017,1/1/2017
195,8,J18,Judge Gift Cards 2018,1/1/2018
196,8,J19,Judge Gift Cards 2019,4/10/2019
197,10,J20,Judge Gift Cards 2020,1/1/2020
198,388,J21,Jumpstart: Historic Horizons,8/26/2021
199,3,JGP,Judge Gift Cards 1998,1/1/1998
200,495,JMP,Jumpstart,7/17/2020
201,165,JOU,Journey into Nyx,5/2/2014
202,143,JUD,Judgment,5/27/2002
203,62,JVC,Duel Decks Anthology: Jace vs. Chandra,12/5/2014
204,1,KHC,Kaldheim Commander,2/5/2021
205,285,KHM,Kaldheim,2/5/2021
206,264,KLD,Kaladesh,9/30/2016
207,301,KLR,Kaladesh Remastered,11/12/2020
208,269,KTK,Khans of Tarkir,9/26/2014
209,2,L12,League Tokens 2012,1/1/2012
210,4,L13,League Tokens 2013,1/1/2013
211,4,L14,League Tokens 2014,1/1/2014
212,1,L15,League Tokens 2015,1/1/2015
213,1,L16,League Tokens 2016,1/1/2016
214,1,L17,League Tokens 2017,1/1/2017
215,295,LEA,Limited Edition Alpha,8/5/1993
216,302,LEB,Limited Edition Beta,10/4/1993
217,310,LEG,Legends,6/1/1994
218,145,LGN,Legions,2/3/2003
219,301,LRW,Lorwyn,10/12/2007
220,249,M10,Magic 2010,7/17/2009
221,249,M11,Magic 2011,7/16/2010
222,249,M12,Magic 2012,7/15/2011
223,249,M13,Magic 2013,7/13/2012
224,249,M14,Magic 2014,7/19/2013
225,269,M15,Magic 2015,7/18/2014
226,280,M19,Core Set 2019,7/13/2018
227,280,M20,Core Set 2020,7/12/2019
228,274,M21,Core Set 2021,7/3/2020
229,5,MAFR,Adventures in the Forgotten Realms Minigames,7/23/2021
230,249,MB1,Mystery Booster,11/7/2019
231,155,MBS,Mirrodin Besieged,2/4/2011
232,26,MD1,Modern Event Deck 2014,5/30/2014
233,195,ME1,Masters Edition,9/10/2007
234,245,ME2,Masters Edition II,9/22/2008
235,230,ME3,Masters Edition III,9/7/2009
236,260,ME4,Masters Edition IV,1/10/2011
237,24,MED,Mythic Edition,10/5/2018
238,10,MGB,Multiverse Gift Box,11/1/1996
239,254,MH1,Modern Horizons,6/14/2019
240,303,MH2,Modern Horizons 2,6/18/2021
241,38,MIC,Midnight Hunt Commander,9/24/2021
242,277,MID,Innistrad: Midnight Hunt,9/24/2021
243,350,MIR,Mirage,10/8/1996
244,5,MKHM,Kaldheim Minigames,2/5/2021
245,249,MM2,Modern Masters 2015,5/22/2015
246,249,MM3,Modern Masters 2017,3/17/2017
247,229,MMA,Modern Masters,6/7/2013
248,5,MMH2,Modern Horizons 2 Minigames,6/18/2021
249,350,MMQ,Mercadian Masques,10/4/1999
250,150,MOR,Morningtide,2/1/2008
251,54,MP2,Amonkhet Invocations,4/28/2017
252,8,MPR,Magic Player Rewards 2001,1/1/2001
253,54,MPS,Kaladesh Inventions,9/30/2016
254,306,MRD,Mirrodin,10/2/2003
255,5,MSTX,Strixhaven: School of Mages Minigames,4/23/2021
256,0,MVOW,Innistrad: Crimson Vow Minigames,11/19/2021
257,5,MZNR,Zendikar Rising Minigames,9/25/2020
258,38,NEC,Neon Dynasty Commander,2/18/2022
259,143,NEM,Nemesis,2/14/2000
260,302,NEO,Kamigawa: Neon Dynasty,2/18/2022
261,175,NPH,New Phyrexia,5/13/2011
262,4,OAFC,Forgotten Realms Commander Display Commanders,7/23/2021
263,14,OANA,Arena New Player Experience Cards,7/14/2018
264,45,OARC,Archenemy Schemes,6/18/2010
265,15,OC13,Commander 2013 Oversized,11/1/2013
266,5,OC14,Commander 2014 Oversized,11/7/2014
267,5,OC15,Commander 2015 Oversized,11/13/2015
268,5,OC16,Commander 2016 Oversized,11/11/2016
269,4,OC17,Commander 2017 Oversized,8/25/2017
270,4,OC18,Commander 2018 Oversized,8/9/2018
271,4,OC19,Commander 2019 Oversized,8/31/2019
272,5,OC20,Commander 2020 Oversized,4/17/2020
273,5,OC21,Commander 2021 Display Commanders,4/23/2021
274,10,OCM1,Commander's Arsenal Oversized,11/2/2012
275,15,OCMD,Commander 2011 Oversized,6/17/2011
276,350,ODY,Odyssey,10/1/2001
277,20,OE01,Archenemy: Nicol Bolas Schemes,6/16/2017
278,184,OGW,Oath of the Gatewatch,1/22/2016
279,40,OHOP,Planechase Planes,9/4/2009
280,21,OLGC,Legacy Championship,1/1/2011
281,2,OMIC,Midnight Hunt Commander Display Commanders,9/24/2021
282,350,ONS,Onslaught,10/7/2002
283,40,OPC2,Planechase 2012 Planes,6/1/2012
284,86,OPCA,Planechase Anthology Planes,12/25/2018
285,272,ORI,Magic Origins,7/17/2015
286,29,OVNT,Vintage Championship,1/1/2003
287,2,OVOC,Crimson Vow Commander Display Commanders,11/19/2021
288,165,P02,Portal Second Age,6/24/1998
289,1,P03,Magic Player Rewards 2003,1/1/2003
290,1,P04,Magic Player Rewards 2004,1/1/2004
291,6,P05,Magic Player Rewards 2005,1/1/2005
292,7,P06,Magic Player Rewards 2006,1/1/2006
293,7,P07,Magic Player Rewards 2007,1/1/2007
294,7,P08,Magic Player Rewards 2008,1/1/2008
295,7,P09,Magic Player Rewards 2009,1/1/2009
296,9,P10,Magic Player Rewards 2010,1/1/2010
297,1,P10E,Tenth Edition Promos,7/13/2007
298,9,P11,Magic Player Rewards 2011,1/1/2011
299,2,P15A,15th Anniversary Cards,4/1/2008
300,3,P22,Judge Gift Cards 2022,1/1/2022
301,1,P2HG,Two-Headed Giant Tournament,12/9/2005
302,1,P5DN,Fifth Dawn Promos,6/4/2004
303,1,P8ED,Eighth Edition Promos,7/28/2003
304,2,P9ED,Ninth Edition Promos,7/29/2005
305,65,PAER,Aether Revolt Promos,1/20/2017
306,240,PAFR,Adventures in the Forgotten Realms Promos,7/23/2021
307,76,PAKH,Amonkhet Promos,4/28/2017
308,11,PAL00,Arena League 2000,1/1/2000
309,12,PAL01,Arena League 2001,1/1/2001
310,5,PAL02,Arena League 2002,1/1/2002
311,8,PAL03,Arena League 2003,1/1/2003
312,8,PAL04,Arena League 2004,1/1/2004
313,8,PAL05,Arena League 2005,1/1/2005
314,8,PAL06,Arena League 2006,1/1/2006
315,350,PAL99,Arena League 1999,1/1/1999
316,1,PALA,Shards of Alara Promos,10/3/2008
317,15,PALP,Asia Pacific Land Program,9/1/1998
318,3,PANA,MTG Arena Promos,7/14/2018
319,1,PAPC,Apocalypse Promos,6/4/2001
320,2,PARB,Alara Reborn Promos,4/30/2009
321,5,PARC,Promotional Schemes,6/18/2010
322,7,PARL,Arena League 1996,8/2/1996
323,12,PAST,Astral Cards,4/1/1997
324,5,PAVR,Avacyn Restored Promos,4/28/2012
325,22,PBBD,Battlebond Promos,6/8/2018
326,89,PBFZ,Battle for Zendikar Promos,10/2/2015
327,9,PBNG,Born of the Gods Promos,2/1/2014
328,2,PBOK,Betrayers of Kamigawa Promos,2/4/2005
329,1,PBOOK,Miscellaneous Book Promos,1/27/2009
330,156,PC2,Planechase 2012,6/1/2012
331,156,PCA,Planechase Anthology,11/25/2016
332,7,PCEL,Celebration Cards,8/14/1996
333,1,PCHK,Champions of Kamigawa Promos,10/1/2004
334,5,PCMD,Commander 2011 Launch Party,6/17/2011
335,12,PCMP,Champs and States,3/18/2006
336,1,PCNS,Conspiracy Promos,6/6/2014
337,2,PCON,Conflux Promos,2/6/2009
338,1,PCSP,Coldsnap Promos,7/21/2006
339,143,PCY,Prophecy,6/5/2000
340,34,PD2,Premium Deck Series: Fire and Lightning,11/19/2010
341,50,PD3,Premium Deck Series: Graveborn,11/18/2011
342,6,PDGM,Dragon's Maze Promos,4/27/2013
343,2,PDIS,Dissension Promos,5/5/2006
344,5,PDKA,Dark Ascension Promos,1/28/2012
345,118,PDOM,Dominaria Promos,4/27/2018
346,2,PDP10,Duels of the Planeswalkers 2010 Promos,1/1/2010
347,3,PDP12,Duels of the Planeswalkers 2012 Promos,1/1/2011
348,3,PDP13,Duels of the Planeswalkers 2013 Promos,1/1/2012
349,3,PDP14,Duels of the Planeswalkers 2014 Promos,1/1/2013
350,269,PDP15,Duels of the Planeswalkers 2015 Promos,1/1/2014
351,1,PDRC,Dragon Con,7/15/1994
352,1,PDST,Darksteel Promos,6/4/2004
353,51,PDTK,Dragons of Tarkir Promos,3/27/2015
354,1,PDTP,Duels of the Planeswalkers 2009 Promos,1/1/2009
355,150,PELD,Throne of Eldraine Promos,10/4/2019
356,15,PELP,European Land Program,2/5/2000
357,76,PEMN,Eldritch Moon Promos,7/22/2016
358,2,PEVE,Eventide Promos,7/25/2008
359,1,PEXO,Exodus Promos,6/15/1998
360,6,PF19,MagicFest 2019,1/1/2019
361,6,PF20,MagicFest 2020,1/1/2020
362,1,PF21,MagicFest 2021,1/1/2021
363,42,PFRF,Fate Reforged Promos,1/23/2015
364,2,PFUT,Future Sight Promos,5/4/2007
365,9,PG07,Gateway 2007,1/1/2007
366,8,PG08,Gateway 2008,1/1/2008
367,2,PGPT,Guildpact Promos,2/3/2006
368,20,PGPX,Grand Prix Promos,2/24/2007
369,83,PGRN,Guilds of Ravnica Promos,10/5/2018
370,5,PGRU,Guru,7/12/1999
371,9,PGTC,Gatecrash Promos,1/26/2013
372,3,PGTW,Gateway 2006,1/1/2006
373,82,PHED,"Heads I Win, Tails You Lose",4/22/2022
374,6,PHEL,Open the Helvault,4/28/2012
375,5,PHJ,Hobby Japan Promos,7/1/2002
376,6,PHOP,Promotional Planes,9/4/2009
377,62,PHOU,Hour of Devastation Promos,7/14/2017
378,5,PHPR,HarperPrism Book Promos,9/1/1994
379,60,PHUK,Hachette UK,1/1/2006
380,5,PI13,IDW Comics 2013,1/1/2013
381,3,PI14,IDW Comics 2014,1/1/2014
382,9,PIDW,IDW Comics 2012,1/1/2012
383,136,PIKO,Ikoria: Lair of Behemoths Promos,4/24/2020
384,1,PINV,Invasion Promos,10/2/2000
385,5,PISD,Innistrad Promos,9/24/2011
386,10,PJ21,Judge Gift Cards 2021,1/1/2021
387,6,PJAS,Junior APAC Series,1/1/2006
388,12,PJJT,Japan Junior Tournament,1/1/2003
389,10,PJOU,Journey into Nyx Promos,4/26/2014
390,8,PJSE,Junior Series Europe,1/1/2005
391,1,PJUD,Judgment Promos,5/27/2002
392,1,PKHM,Kaldheim Promos,2/5/2021
393,82,PKLD,Kaladesh Promos,9/30/2016
394,56,PKTK,Khans of Tarkir Promos,9/26/2014
395,4,PL21,Year of the Ox 2021,1/25/2021
396,5,PL22,Year of the Tiger 2022,2/25/2022
397,165,PLC,Planar Chaos,2/2/2007
398,1,PLG20,Love Your LGS 2020,5/18/2020
399,5,PLG21,Love Your LGS 2021,6/22/2021
400,2,PLGM,DCI Legend Membership,1/1/1995
401,1,PLGN,Legions Promos,2/3/2003
402,210,PLIST,The List,9/26/2020
403,1,PLNY,Lunar New Year 2018,2/16/2018
404,2,PLRW,Lorwyn Promos,10/12/2007
405,143,PLS,Planeshift,2/5/2001
406,5,PM10,Magic 2010 Promos,7/16/2009
407,5,PM11,Magic 2011 Promos,7/15/2010
408,5,PM12,Magic 2012 Promos,7/14/2011
409,5,PM13,Magic 2013 Promos,7/12/2012
410,5,PM14,Magic 2014 Promos,7/18/2013
411,13,PM15,Magic 2015 Promos,7/17/2014
412,94,PM19,Core Set 2019 Promos,7/13/2018
413,143,PM20,Core Set 2020 Promos,7/12/2019
414,136,PM21,Core Set 2021 Promos,7/3/2020
415,6,PMBS,Mirrodin Besieged Promos,2/3/2011
416,41,PMEI,Media Inserts,1/1/1995
417,2,PMH1,Modern Horizons Promos,6/14/2019
418,80,PMH2,Modern Horizons 2 Promos,6/18/2021
419,1,PMIC,MicroProse Promos,4/1/1997
420,168,PMID,Innistrad: Midnight Hunt Promos,9/24/2021
421,1,PMMQ,Mercadian Masques Promos,10/4/1999
422,85,PMOA,Magic Online Avatars,1/1/2003
423,2,PMOR,Morningtide Promos,2/1/2008
424,20,PMPS,Magic Premiere Shop 2005,1/1/2005
425,5,PMPS06,Magic Premiere Shop 2006,1/1/2006
426,5,PMPS07,Magic Premiere Shop 2007,1/1/2007
427,5,PMPS08,Magic Premiere Shop 2008,1/1/2008
428,5,PMPS09,Magic Premiere Shop 2009,1/1/2009
429,5,PMPS10,Magic Premiere Shop 2010,1/1/2010
430,5,PMPS11,Magic Premiere Shop 2011,1/1/2011
431,1,PMRD,Mirrodin Promos,6/4/2004
432,1,PNAT,Nationals Promos,1/25/2018
433,1,PNEM,Nemesis Promos,2/14/2000
434,154,PNEO,Kamigawa: Neon Dynasty Promos,2/18/2022
435,6,PNPH,New Phyrexia Promos,5/12/2011
436,1,PODY,Odyssey Promos,10/1/2001
437,65,POGW,Oath of the Gatewatch Promos,1/22/2016
438,1,PONS,Onslaught Promos,2/3/2003
439,243,POR,Portal,5/1/1997
440,53,PORI,Magic Origins Promos,7/17/2015
441,2,PPC1,M15 Prerelease Challenge,7/12/2014
442,1,PPCY,Prophecy Promos,6/5/2000
443,2,PPLC,Planar Chaos Promos,2/2/2007
444,1,PPLS,Planeshift Promos,2/5/2001
445,6,PPOD,Portal Demo Game,5/1/1997
446,5,PPP1,M20 Promo Packs,7/12/2019
447,28,PPRO,Pro Tour Promos,2/9/2007
448,2,PPTK,Portal: Three Kingdoms Promos,7/1/1999
449,6,PR2,Magic Player Rewards 2002,1/1/2002
450,2,PRAV,Ravnica: City of Guilds Promos,10/7/2005
451,1,PRED,Redemption Program,10/1/1996
452,34,PRES,Resale Promos,1/1/2007
453,97,PRIX,Rivals of Ixalan Promos,1/19/2018
454,2274,PRM,Magic Online Promos,6/24/2002
455,80,PRNA,Ravnica Allegiance Promos,1/25/2019
456,6,PROE,Rise of the Eldrazi Promos,4/23/2010
457,10,PRTR,Return to Ravnica Promos,10/5/2012
458,10,PRW2,RNA Ravnica Weekend,2/16/2019
459,10,PRWK,GRN Ravnica Weekend,11/9/2018
460,224,PS11,Salvat 2011,1/1/2011
461,269,PS14,San Diego Comic-Con 2014,7/8/2014
462,5,PS15,San Diego Comic-Con 2015,7/9/2015
463,5,PS16,San Diego Comic-Con 2016,10/1/2016
464,6,PS17,San Diego Comic-Con 2017,7/20/2017
465,5,PS18,San Diego Comic-Con 2018,7/19/2018
466,5,PS19,San Diego Comic-Con 2019,7/18/2019
467,720,PSAL,Salvat 2005,8/22/2005
468,1,PSCG,Scourge Promos,5/26/2003
469,5,PSDC,San Diego Comic-Con 2013,7/18/2013
470,10,PSDG,Sega Dreamcast Cards,6/28/2001
471,2,PSHM,Shadowmoor Promos,5/2/2008
472,89,PSOI,Shadows over Innistrad Promos,4/8/2016
473,2,PSOK,Saviors of Kamigawa Promos,6/3/2005
474,5,PSOM,Scars of Mirrodin Promos,9/30/2010
475,5,PSS1,BFZ Standard Series,10/2/2015
476,5,PSS2,XLN Standard Showdown,9/29/2017
477,5,PSS3,M19 Standard Showdown,7/13/2018
478,1,PSTH,Stronghold Promos,3/2/1998
479,180,PSTX,Strixhaven: School of Mages Promos,4/23/2021
480,383,PSUM,Summer of Magic,7/21/2007
481,350,PSUS,Junior Super Series,12/1/1999
482,308,PTC,Pro Tour Collector Set,5/1/1996
483,3,PTG,Ponies: The Galloping,10/22/2019
484,136,PTHB,Theros Beyond Death Promos,1/24/2020
485,10,PTHS,Theros Promos,9/21/2013
486,180,PTK,Portal Three Kingdoms,7/6/1999
487,4,PTKDF,Tarkir Dragonfury,4/3/2015
488,1,PTMP,Tempest Promos,10/14/1997
489,1,PTOR,Torment Promos,2/4/2002
490,2,PTSP,Time Spiral Promos,10/6/2006
491,1,PUDS,Urza's Destiny Promos,6/7/1999
492,1,PULG,Urza's Legacy Promos,2/15/1999
493,40,PUMA,Ultimate Box Topper,12/7/2018
494,1,PUNH,Unhinged Promos,11/19/2004
495,9,PURL,URL/Convention Promos,2/8/2009
496,1,PUSG,Urza's Saga Promos,10/12/1998
497,1,PUST,Unstable Promos,12/8/2017
498,32,PVAN,Vanguard Series,5/1/1997
499,109,PVOW,Innistrad: Crimson Vow Promos,11/19/2021
500,8,PW09,Wizards Play Network 2009,1/1/2009
501,10,PW10,Wizards Play Network 2010,1/1/2010
502,14,PW11,Wizards Play Network 2011,1/1/2011
503,3,PW12,Wizards Play Network 2012,1/1/2012
504,6,PW21,Wizards Play Network 2021,6/18/2021
505,4,PW22,Wizards Play Network 2022,3/5/2022
506,175,PWAR,War of the Spark Promos,5/3/2019
507,5,PWCQ,World Magic Cup Qualifiers,4/6/2013
508,350,PWOR,World Championship Promos,8/4/1999
509,1,PWOS,Wizards of the Coast Online Store,9/4/1999
510,2,PWPN,Wizards Play Network 2008,10/1/2008
511,6,PWWK,Worldwake Promos,2/5/2010
512,120,PXLN,Ixalan Promos,9/29/2017
513,10,PXTC,XLN Treasure Chest,11/24/2017
514,149,PZ1,Legendary Cube Prize Pack,11/18/2015
515,73,PZ2,Treasure Chest,11/16/2016
516,5,PZEN,Zendikar Promos,10/2/2009
517,168,PZNR,Zendikar Rising Promos,9/25/2020
518,10,Q06,Pioneer Challenger Decks 2021,10/15/2021
519,306,RAV,Ravnica: City of Guilds,10/7/2005
520,122,REN,Renaissance,8/1/1995
521,69,RIN,Rinascimento,8/1/1995
522,196,RIX,Rivals of Ixalan,1/19/2018
523,259,RNA,Ravnica Allegiance,1/25/2019
524,248,ROE,Rise of the Eldrazi,4/23/2010
525,65,RQS,Rivals Quick Start Set,7/1/1996
526,274,RTR,Return to Ravnica,10/5/2012
527,20,S00,Starter 2000,4/1/2000
528,173,S99,Starter 1999,7/1/1999
529,143,SCG,Scourge,5/26/2003
530,301,SHM,Shadowmoor,5/2/2008
531,0,SKHM,Kaldheim Substitute Cards,2/5/2021
532,1,SLD,Secret Lair Drop,12/2/2019
533,1,SLU,Secret Lair: Ultimate Edition,5/29/2020
534,10,SLX,Universes Within,3/3/2022
535,0,SMID,Innistrad: Midnight Hunt Substitute Cards,9/24/2021
536,290,SNC,Streets of New Capenna,4/29/2022
537,297,SOI,Shadows over Innistrad,4/8/2016
538,165,SOK,Saviors of Kamigawa,6/3/2005
539,249,SOM,Scars of Mirrodin,10/1/2010
540,8,SS1,Signature Spellbook: Jace,6/15/2018
541,8,SS2,Signature Spellbook: Gideon,6/28/2019
542,8,SS3,Signature Spellbook: Chandra,6/26/2020
543,0,SSTX,Strixhaven: School of Mages Substitute Cards,4/23/2021
544,63,STA,Strixhaven Mystical Archive,4/23/2021
545,143,STH,Stronghold,3/2/1998
546,275,STX,Strixhaven: School of Mages,4/23/2021
547,306,SUM,Summer Magic / Edgar,6/21/1994
548,0,SVOW,Innistrad: Crimson Vow Substitute Cards,11/19/2021
549,0,SZNR,Zendikar Rising Substitute Cards,9/25/2020
550,15,TBTH,Battle the Horde,3/1/2014
551,197,TD0,Magic Online Theme Decks,11/8/2010
552,88,TD2,Duel Decks: Mirrodin Pure vs. New Phyrexia,5/14/2011
553,15,TDAG,Defeat a God,5/25/2014
554,15,TFTH,Face the Hydra,10/19/2013
555,254,THB,Theros Beyond Death,1/24/2020
556,7,THP1,Theros Hero's Path,9/27/2013
557,7,THP2,Born of the Gods Hero's Path,2/7/2014
558,8,THP3,Journey into Nyx Hero's Path,5/2/2014
559,249,THS,Theros,9/27/2013
560,350,TMP,Tempest,10/14/1997
561,143,TOR,Torment,2/4/2002
562,269,TPR,Tempest Remastered,5/6/2015
563,121,TSB,Time Spiral Timeshifted,10/6/2006
564,301,TSP,Time Spiral,10/6/2006
565,289,TSR,Time Spiral Remastered,3/19/2021
566,143,UDS,Urza's Destiny,6/7/1999
567,185,UGIN,Ugin's Fate,1/17/2015
568,94,UGL,Unglued,8/11/1998
569,143,ULG,Urza's Legacy,2/15/1999
570,254,UMA,Ultimate Masters,12/7/2018
571,96,UND,Unsanctioned,2/29/2020
572,269,UNF,Unfinity,12/31/2022
573,140,UNH,Unhinged,11/19/2004
574,350,USG,Urza's Saga,10/12/1998
575,216,UST,Unstable,12/8/2017
576,15,V09,From the Vault: Exiled,8/28/2009
577,15,V10,From the Vault: Relics,8/27/2010
578,15,V11,From the Vault: Legends,8/26/2011
579,15,V12,From the Vault: Realms,8/31/2012
580,20,V13,From the Vault: Twenty,8/23/2013
581,15,V14,From the Vault: Annihilation,8/22/2014
582,15,V15,From the Vault: Angels,8/21/2015
583,16,V16,From the Vault: Lore,8/19/2016
584,15,V17,From the Vault: Transform,11/24/2017
585,167,VIS,Visions,2/3/1997
586,325,VMA,Vintage Masters,6/16/2014
587,38,VOC,Crimson Vow Commander,11/19/2021
588,277,VOW,Innistrad: Crimson Vow,11/19/2021
589,16,W16,Welcome Deck 2016,4/8/2016
590,30,W17,Welcome Deck 2017,4/15/2017
591,264,WAR,War of the Spark,5/3/2019
592,117,WC00,World Championship Decks 2000,8/2/2000
593,138,WC01,World Championship Decks 2001,8/8/2001
594,153,WC02,World Championship Decks 2002,8/14/2002
595,142,WC03,World Championship Decks 2003,8/6/2003
596,103,WC04,World Championship Decks 2004,9/1/2004
597,131,WC97,World Championship Decks 1997,8/13/1997
598,117,WC98,World Championship Decks 1998,8/12/1998
599,111,WC99,World Championship Decks 1999,8/4/1999
600,167,WTH,Weatherlight,6/9/1997
601,145,WWK,Worldwake,2/5/2010
602,30,XANA,Arena New Player Experience Extras,7/14/2018
603,279,XLN,Ixalan,9/29/2017
604,64,Y22,Alchemy: Innistrad,12/9/2021
605,249,ZEN,Zendikar,10/2/2009
606,1,ZNC,Zendikar Rising Commander,9/25/2020
607,30,ZNE,Zendikar Rising Expeditions,9/25/2020
608,280,ZNR,Zendikar Rising,9/25/2020
