1,Anthony Palumbo
2,Izzy
3,Victor Adame Minguez
4,Slawomir Maniak
5,Svetlin Velinov
6,Eric Deschamps
7,Livia Prima
8,Noah Bradley
9,Volkan BaÇµa
10,Even Amundsen
11,Craig J Spearing
12,Tommy Arnold
13,Jason Rainville
14,Wayne Reynolds
15,Magali Villeneuve
16,Jesper Ejsing
17,Matt Stewart
18,Lucas Graciano
19,Aaron Miller
20,Jakub Kasper
21,Steve Argyle
22,Jana Schirmer & Johannes Voss
23,Sidharth Chaturvedi
24,David Gaillet
25,Yongjae Choi
26,James Ryman
27,Mathias Kollros
28,Grzegorz Rutkowski
29,Paul Scott Canavan
30,Jonathan Kuo
31,Mark Zug
32,Randy Vargas
33,John Stanko
34,Tyler Jacobson
35,Lius Lasahido
36,Lake Hurwitz
37,Clint Cearley
38,Zoltan Boros
39,Ryan Yee
40,Willian Murai
41,Kev Walker
42,Ryan Pancoast
43,Josh Hass
44,Chris Seaman
45,Steven Belledin
46,Deruchenko Alexander
47,Scott Chou
48,Karl Kopinski
49,Dallas Williams
50,Jason Chan
51,Chase Stone
52,Bastien L. Deharme
53,Adam Paquette
54,Lars Grant-West
55,Jeremy Jarvis
56,Jason A. Engle
57,Chris Rahn
58,Todd Lockwood
59,Robbie Trevino
60,Sam Rowan
61,Sara Winters
62,David Palumbo
63,Dimitar Marinski
64,Min Yum
65,Tomasz Jedruszek
66,Filip Burburan
67,Jason Felix
68,Ash Wood
69,Nils Hamm
70,Dave Kendall
71,Tony Foti
72,Anna Steinbauer
73,Dermot Power
74,Mark Behm
75,Pete Venters
76,Bram Sels
77,Mike Bierek
78,Seb McKinnon
79,Igor Kieryluk
80,Vincent Proce
81,Michael Komarck
82,G-host Lee
83,Austin Hsu
84,Kieran Yanner
85,Daarken
86,Alayna Danner
87,Raymond Swanland
88,Jack Wang
89,Joe Slucher
90,Johann Bodin
91,Viktor Titov
92,Alex Konstad
93,Brian SnÃµddy
94,John Avon
95,Steve Prescott
96,Paolo Parente
97,Vance Kovacs
98,Simon Dominic
99,Greg Opalinski
100,Winona Nelson
101,Zack Stella
102,Scott Murphy
103,Randy Gallegos
104,John Severin Brassell
105,Daniel Ljunggren
106,Christopher Moeller
107,Dan Scott
108,Mitchell Malloy
109,Uriah Voth
110,Johannes Voss
111,Dmitry Burmak
112,Nic Klein
113,Kari Christensen
114,Ron Spencer
115,Lindsey Look
116,Drew Baker
117,Adam Rex
118,Yeong-Hao Han
119,Cyril Van Der Haegen
120,Anastasia Ovchinnikova
121,Titus Lunter
122,Cliff Childs
123,Jaime Jones
124,Efflam Mercier
125,Sam Burley
126,Zoltan Boros & Gabor Szikszai
127,Andreas Rocha
128,Chippy
129,Jonas De Ro
130,Christine Choi
131,Mark Poole
132,Raoul Vitale
133,Donato Giancola
134,Suzanne Helmigh
135,Chris Rallis
136,Josu Hernaiz
137,Cristi Balanescu
138,Johan Grenier
139,David Rapoza
140,Ekaterina Burmak
141,Mark Winters
142,Warren Mahy
143,Micah Epstein
144,Ben Maier
145,Nicholas Gregory
146,Scott M. Fischer
147,Caio Monteiro
148,PINDURSKI
149,Rudy Siswanto
150,Jason Kang
151,Cole Eastburn
152,Justin Sweet
153,Darek Zabrocki
154,Allen Williams
155,James Zapata
156,Anna Podedworna
157,Wesley Burt
158,Matthew D. Wilson
159,Gabor Szikszai
160,Heonhwa Choe
161,Bayard Wu
162,Jehan Choo
163,Carl Critchlow
164,Yohann Schepacz
165,Antonio JosÃ© Manzanedo
166,Joseph Meehan
167,Franz Vohwinkel
168,Zezhou Chen
169,James Paick
170,Martina Pilcerova
171,Sung Choi
172,Eytan Zana
173,Piotr Dura
174,Babyson Chen & Uzhen Lin
175,Jim Nelson
176,Jana Schirmer
177,YW Tang
178,Matt Cavotta
179,Lie Setiawan
180,Christopher Rush
